index,prediction,confidence,original_text,corrected_text
3842,0,0.9999275946969259,media hide danger evid radic attack trump ralli fed abl easili find evid anti american cop hate racist attack trump ralli sunday either mainstream media news organ investig journalist work prefer hide truth trump attack believ latter true even bigger question radic cop hate white hate self loath ber...,"A man, identified as Thomas ""Tommi"" Dimassimo, a senior at Wright State University, rushed the stage at a Donald Trump rally in Vandalia, Ohio, on Sunday, March 13th [year needs confirmation]. He was charged with disorderly conduct and inducing panic.  News sources, including CNN, interviewed Dimassimo.  He stated his intention was to take the podium from Trump and send a message to CNN.  Dimassimo's past support for Bernie Sanders has been reported, but requires further verification.  

There are claims circulating online connecting Dimassimo to violent videos and social media posts.  One such video, titled ""Red Black Blue,"" allegedly features violence and anti-police themes.  The extent of Dimassimo's involvement with this video and the accuracy of the descriptions of its content require further verification.  Similarly, the authenticity and context of tweets and Facebook posts attributed to him, including one allegedly depicting a bloodied police officer, need to be confirmed.  Reliable sources for verifying this information would include official court records, statements from Wright State University, and archived versions of the social media posts in question."
2906,0,0.9998860431751407,racist go crazi samuel jackson trash trump jimmi kimmel live video racist came full forc jimmi kimmel put minut video outstand ignor segment call hate ball kimmel get advic mystic samuel jackson insid magic ball toy jackson play part expect nail role angri black man icon voic ever perfectli definit ...,"This article's claims are unsubstantiated and presented in a biased, inflammatory manner.  It conflates criticism of Donald Trump with racism and makes several unverifiable assertions.

It suggests a video exists of Samuel L. Jackson on Jimmy Kimmel Live! criticizing Trump. While it's possible such a video exists, without a date or further context, it's difficult to verify.  To confirm, one could search reputable sources like the Jimmy Kimmel Live! website or credible news archives.

The article also mentions Bill Taylor, potentially conflating him with the former U.S. Ambassador to Ukraine of the same name.  It attributes racist statements to him regarding Barack Obama's qualifications and birth certificate, but provides no evidence.  To verify these claims, one would need to find credible sources quoting Taylor making these statements.  Without such evidence, these claims should be considered false.

Finally, the article's conclusion about Donald Trump ""hating everyone equally"" is purely speculative and inflammatory.  It's important to avoid such generalizations and stick to verifiable facts when discussing political figures."
7553,0,0.999875238483708,fox host claim obama use raw onion fake cri murder school children video anyon watch barack obama break tear spoke children six adult murder sandi hook elementari tell presid man truli feel victim gun violenc anyon work fox news presid announc would congress unwil expand background check gun safeti ...,"Some Fox News hosts questioned President Obama's sincerity following his emotional response to the Sandy Hook Elementary School shooting in 2012.  They suggested his tears were not genuine, with some using the term ""onionghazi"" and alleging he used a raw onion to induce tears.  There is no credible evidence to support these claims.  

The hosts, including Melissa Francis, Andrea Tantaros, and Meghan McCain, criticized the President's subsequent call for stricter gun control measures, including expanded background checks and closing gun show loopholes. They argued these measures violated the separation of powers doctrine.  They also questioned why President Obama hadn't addressed gun violence in Chicago earlier in his presidency.

For verified information regarding President Obama's actions and statements following the Sandy Hook shooting, consult official White House archives and reputable news sources.  For information on the proposed gun control measures, refer to Congressional records."
3074,0,0.999843302915101,sam bee goldenshowerg number one tricki much like trump escort servic video trump rough week feel sorri much fun watch karma bite giant orang ass perhap best person help job take goldenshowerg full frontal samantha bee make trump bitch almost nightli basi wednesday night episod may best trump mocker...,"Some media outlets, including BuzzFeed, published a dossier in January 2017 compiled by a former British intelligence officer alleging that Donald Trump hired prostitutes to perform a ""golden shower"" in a Moscow hotel room in 2013.  The dossier also claimed this act was performed on the same bed previously used by President Barack Obama and Michelle Obama.  The allegations remain unverified.  Samantha Bee's comedy show, *Full Frontal with Samantha Bee*, satirized the allegations and other controversies surrounding then-President Trump in a segment that aired on or around Wednesday night.  The specific date of the episode and the exact content of Bee's commentary require further verification by reviewing available recordings of the show.  For more information on the unverified dossier, consult reputable news archives and fact-checking websites."
3856,0,0.9998361427304652,sarah palin lose sh rage whine hillari not charg fbi fbi declin charg hillari clinton wrongdo email scandal conserv froth mouth year sarah palin threw even bigger temper tantrum donald trump long rant facebook page palin liter call upon conserv tear tyrann system hillari clinton not charg commit cri...,"Former Alaska Governor Sarah Palin criticized the FBI's decision not to recommend charges against Hillary Clinton related to her use of a private email server while Secretary of State.  In a Facebook post, Palin expressed frustration with the outcome and called on conservatives to challenge what she perceives as a flawed system.  She also criticized Republicans who did not support Donald Trump's presidential candidacy.

For factual information regarding the FBI's investigation into Hillary Clinton's email server, consult official reports from the FBI and the Department of Justice.  For Palin's complete statement, refer to her official Facebook page."
912,0,0.9998353336579747,watch trump support tell muslim treat like hitler treat jew mad need stop mean donald trump not presid trump support rampag ever sinc elect day embolden result commit hundr hate crime number continu rise nazi racist celebr believ trump turn america white nation one trump support made clearer san jos...,"A threatening letter containing Islamophobic and anti-Muslim hate speech was received by the Evergreen Islamic Center in San Jose, California, shortly after the 2016 US presidential election.  The letter, which invoked the Holocaust and threatened genocide, was signed ""Americans for a Better Way.""  The San Jose Police Department is investigating the incident.  Faisal Yazadi, board president of the Evergreen Islamic Center, expressed hope for dialogue and understanding.

While some have attributed a rise in hate crimes and hateful rhetoric following the election to then President-elect Trump's campaign rhetoric,  establishing a direct causal link requires further investigation and analysis.  Reliable sources for data on hate crimes include the FBI's Uniform Crime Reporting (UCR) Program and the Southern Poverty Law Center.  It is important to consult these and other reliable sources for accurate information regarding hate crime statistics and trends."
2745,0,0.9998270617123627,obama tell report give zero ck hillari email scandal video thing got littl heat press confer presid obama japan thursday usual easygo presid snap report want wast time ask hillari clinton email obama told report go take one question member press ask clinton chang mind say know take back not take ano...,"During a press conference in Japan on Thursday, May 26, 2016, President Obama declined to answer a reporter's question regarding Hillary Clinton's use of a private email server while Secretary of State.  He stated he had already addressed the issue extensively and directed further inquiries to the Clinton campaign.  The press conference took place during a historic presidential visit to Hiroshima.  News reports suggested President Obama appeared frustrated by the focus on the email controversy during this significant trip.  For verified information and further context regarding President Obama's statements and Hillary Clinton's emails, consult official White House transcripts, reputable news archives, and fact-checking organizations."
3519,0,0.9998259835943211,expos liber defens radic islam danger kind hypocrisi liber would like believ open mind toler fair conserv embrac islam faith tenant fight death protect import un vet muslim nation hate us america much better conserv liber discrimin right wrong perhap liber spend littl less time attack conserv tri ke...,"The original article presents several unsubstantiated claims and uses inflammatory language. It conflates conservatism with opposition to Islam and suggests that liberals are hypocritical for purportedly supporting both liberal values and Islam. It also implies that Sharia law is a threat to the United States and links veterans to this alleged threat.  These claims require verification.

It is important to distinguish between legitimate concerns about specific interpretations or implementations of religious law and broad-brush generalizations about entire religions or their adherents.  Reliable sources on Islam include academic institutions specializing in religious studies and reputable news organizations with expertise in the region.

The article mentions a video purportedly showing a member of ISIS-K discussing violence against homosexuals.  While ISIS-K has a documented history of human rights abuses, including violence against LGBTQ+ individuals, the authenticity and context of the specific video mentioned need verification.  Organizations like MEMRI (Middle East Media Research Institute) translate and distribute media from the Middle East, but their interpretations and selections have been subject to criticism.  It is crucial to consult multiple sources, including human rights organizations like Amnesty International and Human Rights Watch, for a comprehensive understanding of the situation.

In summary, the original article lacks factual basis and relies on biased language.  Further research from reliable and diverse sources is necessary to understand the complex issues surrounding religious freedom, human rights, and security."
487,0,0.9998223472868505,watch karma strike disgust voyeur target woman confront chase would known video voyeur come well candic spivey jacksonvil florida laid verbal smack one guy name jeffrey polizzi forgot approach took phone call video proceed chase right yule florida target spivey wrote faceboo post approach yesterday ...,"A woman confronted a man in a Yulee, Florida, Target store, alleging he was filming her without consent. The woman, identified as Candic Spivey, posted a video of the confrontation on Facebook.  In the video, Spivey accuses the man, identified as Jeffrey Polizzi, of filming her while asking seemingly innocuous questions.  Spivey stated she reported the incident to the Nassau County Sheriff's Office.

News reports citing the *Daily Mail* claim Polizzi has prior charges related to video voyeurism and that an appeal was filed last week.  It is also claimed that other potential victims have come forward.  The accuracy of these claims requires further verification from official sources, such as court records and law enforcement statements.  The Nassau County Sheriff's Office should be contacted to confirm details of the incident and any ongoing investigation."
5058,0,0.9998198917677215,nation secur expert warn dire danger trump plan intel commun video first time live enter era elect presid downright danger donald trump petti childish ignor thin skin veng wannab dictat soon power man planet well seem highli respect peopl realiz hope keep us safe travesti presid one person nation se...,"Former intelligence officer Malcolm Nance expressed concerns about Donald Trump's relationship with the intelligence community in an MSNBC interview with Joy Reid.  Nance cited Trump's July 2016 statement about Russia hacking Hillary Clinton's emails and his alleged reluctance to accept intelligence community conclusions about Russian interference in the 2016 election as potential red flags.  Nance suggested this behavior could indicate authoritarian tendencies, citing Trump's alleged questioning of the legitimacy of the election results.  He also expressed concern about potential attempts to control or suppress media critical of his administration.  Nance further speculated about potential conflicts of interest and the possibility of Trump prioritizing personal interests over national security.

To verify these claims, consult fact-checking websites like PolitiFact and Snopes, as well as reputable news organizations that covered the 2016 election and Trump's relationship with the intelligence community.  For example, reports from the Office of the Director of National Intelligence and the Senate Intelligence Committee offer insights into Russian interference.  It's important to review these sources to gain a comprehensive understanding of the situation and avoid relying solely on interpretations from individual commentators."
514,0,0.9998189569401773,fox news get bust hypocrit whine peopl question trump legitimaci fox news liter pretend treat presid obama noth respect realiti howev complet opposit fox news republican spent eight year call presid obama illegitim presid work make fail reject presid obama call uniti begin question citizenship obstr...,"During the Obama presidency (2009-2017), some Fox News commentators and personalities questioned his legitimacy and place of birth.  They also criticized his policies and called for his political failure.  Conversely, some have argued that following Donald Trump's election (2017), Fox News provided largely favorable coverage and reacted negatively to criticism of him.  

To assess the accuracy of these claims, further research using reliable sources such as transcripts of Fox News broadcasts, academic studies of media coverage, and independent fact-checking websites is recommended.  It is important to compare the tone, frequency, and nature of the criticisms directed at both presidents to determine whether a demonstrable difference in coverage exists.  Simply stating that one side was ""worse"" than the other requires specific evidence.  It is also important to distinguish between news reporting and opinion pieces when analyzing media coverage."
4331,0,0.9998122139331755,jame keef give veryfakenewscnn advanc notic hundr hour secretli record materi insid network cnnleak cnn went trash amaz jame keef say keef use undercov sting trap target reput shadi tactic say network caught red hand give donna brazil debat question pass along hillari prior cnn host debat exagger st...,"James O'Keefe's Project Veritas released secretly recorded material related to CNN. O'Keefe claims this material was gathered over ""hundreds of hours"" and constitutes an ""undercover sting.""  He alleges CNN engaged in biased practices, including providing debate questions to Donna Brazile prior to a debate with Hillary Clinton and selectively editing footage.  He also claims CNN ""cut the mics"" of guests with opposing political views.  Verification of these claims is needed.  Reliable sources such as CNN's response and independent media analysis should be consulted.

O'Keefe's past legal issues include a 2010 guilty plea to a misdemeanor charge of entering federal property under false pretenses.  He was sentenced to three years probation, community service, and a fine.  This incident involved Senator Mary Landrieu's office.  

O'Keefe has a history of targeting organizations and individuals with undercover videos, including ACORN and Planned Parenthood.  The impact and veracity of his work have been subjects of debate.  He has been criticized for using misleading editing techniques.

Project Veritas has announced the release of further material related to CNN.  CNN's response and independent verification of the content are necessary for a complete understanding of the situation."
4541,0,0.9998084321664171,lie lie lie fox shep smith break rank goe nuclear team trump video russia stori surround crimin enterpris known trump administr continu pile journalist network televis demand answer howev journalist usual not employe fox news mani year particular network gener noth propaganda arm christian right ext...,"Shepard Smith, a former Fox News anchor known for occasionally diverging from the network's dominant narratives, publicly criticized unnamed colleagues during a Friday interview with Chris Wallace, also of Fox News.  Smith expressed frustration with what he perceived as a lack of transparency and honesty regarding certain stories, though he did not specify which stories he was referencing. He alluded to the Trump Tower meeting involving Donald Trump Jr. and a Russian lawyer during the 2016 presidential campaign, but did not offer specific accusations.  The Washington Post published a transcript of the exchange.  It is unclear what impact, if any, Smith's comments will have on his career or the network.  For more information on the Trump Tower meeting, consult credible sources such as the Mueller Report and reporting from reputable news organizations."
3003,0,0.9998073908987749,outrag cnn use unauthor video taken outsid oval offic make stori feud bannon trump video video cnn blast daili mail main stream fake news sourc wrong press continu activ tri destroy presid trump listen anchor speak like cnn first hand knowledg happen check screen shot,"CNN aired a video appearing to show activity outside the Oval Office, reportedly related to Steve Bannon's departure.  The source of the video and whether its use was authorized by CNN is unclear.  CNN's reporting criticized the Daily Mail, characterizing it as a ""fake news source.""  Whether the Daily Mail's reporting was inaccurate is not verifiable from the provided text.  The original text alleges an effort by the press to damage President Trump's reputation, but provides no evidence.  The anchor's statements about the events should be verified against official statements and credible news sources.  To determine the factual accuracy of the claims, consult transcripts of the CNN broadcast and reporting from other reputable news organizations."
3752,0,0.9997954360875722,secret donald trump hair found along shore norway video age old question haunt american peopl sever decad donald trump hair real real real get well folk may final answer look though donald trump wig farm spot along coastlin trom norway cours would outsourc hair anoth countri hypocrit kid hair actual...,"A viral video circulating online, primarily through VGTV (a Norwegian broadcasting company), purports to show clumps of a grass resembling Donald Trump's hair washed ashore in Norway.  The video humorously suggests this as the origin of the former president's hairstyle.  While the video is intended as satire, it has reignited online discussions about Trump's hair.  There is no credible evidence to support the claim that Trump's hair is anything other than natural or that it is sourced from Norway.  For accurate information regarding Donald Trump, consult reputable news organizations and fact-checking websites."
7903,0,0.9997806555145655,grasp straw illus choic art dan lacey via etsi see work zen gardnerit piti watch us elect gyrat midst calcul societ breakdown american histor gut strength albeit piti littl left direct vestigi frustrat futil direct throe certain demis mani attach grievanc henc hope chang new set puppet fals promis a...,"The article presents a convoluted and unsubstantiated critique of American society, politics, and media. It alleges societal breakdown, manipulative political processes, and widespread misinformation, but offers no concrete evidence.  The author's claims about ""puppetry,"" ""psychopathy,"" and ""hypnosis"" in politics are highly speculative and inflammatory.  

To understand the current state of American society and politics, consult reliable sources such as:

* **Pew Research Center:**  Provides non-partisan data and analysis on social and demographic trends, public opinion, and political attitudes.
* **Congressional Research Service:** Offers in-depth, non-partisan policy analysis for members of Congress and the public.
* **Fact-checking websites:**  Organizations like PolitiFact and Snopes investigate the accuracy of political claims and news reports.

It is crucial to critically evaluate information and rely on credible sources to form informed opinions.  The original article's lack of evidence and hyperbolic language make it an unreliable source of information."
4084,0,0.9997803742580817,fox news shepard smith liber meltdown trump press confer video fireshepardsmith like megyn kelli lost support becam obsess destroy donald trump time shepard smith go let face would much better suit small audienc liber viewer cnn mnsbc time go shep today rant perfect exampl clip shepnewsteam stick cn...,"Shepard Smith, former chief news anchor at Fox News, abruptly resigned from the network in October 2019.  While some social media users speculated that Smith's departure was due to his critical coverage of President Trump, Smith himself stated that he decided to leave to pursue other opportunities.  He later joined CNBC.  

It's true that Smith occasionally offered on-air analysis that differed from other Fox News programming, particularly regarding the Trump administration.  However, attributing his departure solely to anti-Trump bias is speculative.  For more information on Smith's career and departure from Fox News, consult reputable news sources such as The New York Times, The Washington Post, and NPR.

The referenced social media posts contain unsubstantiated claims and distorted information.  For example, the claim about Smith cutting a guest's microphone to prevent a discussion about a specific crime requires verification and context.  Similarly, characterizing Smith's coverage as ""anti-Trump tangents"" is subjective and lacks specific examples.  Reliable news archives can provide more accurate accounts of the incidents mentioned."
5702,0,0.9997798354726211,watch kieth scott wife drop mic cop give video husband final moment press see disturb keith lamont scott man kill polic charlott north carolina awesom wife year narrat record final tragic moment life mr scott suffer traumat brain injuri wife repeatedli told polic inform minut prior shoot also told n...,"A police shooting occurred in Charlotte, North Carolina, resulting in the death of Keith Lamont Scott.  Mr. Scott's wife recorded video of the incident.  The video's contents and the circumstances leading to the shooting are disputed.  

Some reports indicate that police shouted for Mr. Scott to drop a gun.  Mrs. Scott's account, as reported in some news outlets, states that he was unarmed and holding a book.  The Charlotte-Mecklenburg Police Department has not yet released all details of the incident.  

For verified information and ongoing updates, consult reputable news organizations such as the Associated Press, Reuters, and The Charlotte Observer.  The official police report, when available, will also be a critical source of information.  The incident has led to public protests and demands for transparency in the investigation."
2712,0,0.9997661477016523,rush limbaugh ask would america like today presid obama told truth happen ferguson rush limbaugh spot analysi barack obama intent torn nation apart importantli republican leadership allow great read anyon would like understand exactli war cop war white america start rush predict know chanc realli li...,"Rush Limbaugh criticized President Obama's speech following the 2016 Dallas police shootings, arguing that the President's calls for unity were insincere and part of a larger political strategy.  Limbaugh contended that Obama's speech was a ""political sucker punch,"" pivoting from unifying language to address racial disparities and police brutality. He suggested that Obama was not genuinely interested in unity but rather advancing a political agenda.

To verify Limbaugh's claims about the content and tone of Obama's speech, one could consult transcripts and recordings of the speech itself, available from reputable news organizations and presidential archives.  It is important to note that Limbaugh's interpretation represents one perspective, and other commentators may have offered different analyses.  For a broader understanding of the reactions to the speech, it would be beneficial to review contemporaneous news coverage from various sources.  Fact-checking organizations can also provide valuable context regarding the accuracy of specific claims made by Limbaugh and others about the events in Ferguson and the broader political climate."
7917,0,0.9997574284740911,boom hey democrat violent riot young american prove dem realli care job help minor women video watch want jobsreport job report presid trump bring job back america keep promis flashbackfriday pic twitter com qvimro oov thepersist scottpresl march,"The provided text appears to be a social media post, not a news article, and contains fragmented and unclear claims. It suggests a connection between a Democratic protest, potentially violent, and job creation, contrasting this with President Trump's job creation record.  It also implies a video exists related to these claims.

Without specific sources or more context, it's impossible to verify any of these assertions.  To determine the truthfulness of the claims, one would need to research:

1. **Reports of Democratic protests:**  Searching reputable news organizations (e.g., Associated Press, Reuters, New York Times, Wall Street Journal) for reports of protests during the relevant time period would be necessary.  Specificity regarding location and date would be crucial.
2. **Violence at protests:**  If protests occurred, further research would be needed to determine if they involved violence.  Again, relying on credible news sources and potentially police reports would be essential.
3. **Job creation under President Trump:**  Official government data from the Bureau of Labor Statistics (BLS) would be the most reliable source for verifying job growth figures during President Trump's term.
4. **Connection between the protest and job creation:**  Establishing a causal link between a specific protest and job creation would require in-depth analysis and evidence, likely from academic or policy research institutions.
5. **The referenced video:**  Without a working link or more information, it's impossible to assess the video's content or relevance.

Until such research is conducted, the claims in the original post remain unsubstantiated."
822,0,0.9997499966175009,left jk rowl go ballist claim trump ignor disabl boy got truth video jk rowl left went twitter tirad claim presid trump ignor disabl boy stun horribl trump cannot bring shake hand small boy want touch presid rowl jk rowl juli man occupi power offic free world daili outrag civilis norm corros effect ...,"A video circulating on social media appears to show an interaction between President Donald Trump and a boy in a wheelchair.  Some, including author J.K. Rowling, initially interpreted the video as showing President Trump ignoring the boy.  However, longer versions of the video show President Trump shaking the boy's hand after greeting other individuals.  For accurate reporting and full video context, consult reputable news organizations such as the Associated Press, Reuters, or The New York Times."
7643,0,0.9997405401164678,trump got one victim rel stab back twist donald trump damag control regard penchant sexual assault women reach ever darker corner evil one accus summer zervo contest apprentic restaur owner call vindict liar come forward experi trump first cousin john barri accord zervo trump got physic put embrac t...,"John Barry, Donald Trump's cousin, alleged in a Summer Zervos press conference that Trump physically assaulted Zervos during a meeting about a potential job.  Barry stated that Zervos described Trump embracing her, then thrusting his genitals at her.  Trump denies the allegation.

Barry claims Zervos previously praised Trump and supported him politically. He suggests her current accusations are motivated by a desire to regain the spotlight.  He also questions why Zervos would have maintained a positive relationship with Trump for years following the alleged assault.

Zervos has accused Trump of sexual assault before.  [To add context and truthfulness, include information about the specific lawsuit or public statement where Zervos made these accusations and its current status.  Cite reliable sources such as court documents or reputable news organizations.]

It is important to note that these are allegations, and Trump denies them.  Determining the truth in such cases can be complex.  [Suggest reliable sources for further information, such as fact-checking websites, reputable news organizations, and, if available, court documents related to any legal proceedings.]"
792,0,0.9997368491626148,know idiot viewer fox news assert obama run video sometim life need state obviou especi fox news viewer still need remind not eat past pretti common knowledg presid allow serv two term offic either folk fox friend think viewer stupid remind brand new inform think report break news first time segment...,"A Fox News segment discussed the hypothetical scenario of former President Barack Obama running for a third term.  The segment included viewer comments expressing this desire.  It's important to clarify that the 22nd Amendment to the U.S. Constitution limits presidents to two terms in office.  While the segment did feature discussion of a hypothetical third term, it's unclear from the provided text how clearly this hypothetical nature was conveyed to viewers.  For accurate information regarding presidential term limits, consult the U.S. Constitution and reputable sources like the National Archives and Records Administration.  The segment also included commentary referencing Hillary Clinton and George W. Bush, but the context and accuracy of these remarks are unclear from the provided text.  For accurate reporting on the segment's content, consult official transcripts or recordings from Fox News."
2521,0,0.9997344412531678,kathi griffin hillari clinton loser not victim st centuri wire say left need start take respons action kathi griffin alleg comedian receiv immens backlash stunt pull earlier week griffin appar thought would great idea pose blood soak effigi presid donal trump decapit head make incendiari may say thr...,"Kathy Griffin faced strong criticism after posing with a prop depicting a severed and bloodied head resembling then-President Donald Trump in 2017.  The incident sparked widespread condemnation and resulted in professional repercussions for Griffin.

Separately, Hillary Clinton offered several explanations for her 2016 presidential election loss, including Russian interference, the spread of misinformation, and misogyny.  While investigations confirmed Russian attempts to influence the election (see Mueller Report), the extent of their impact remains debated.  Clinton's claims of misogyny and the role of fake news are also subjects of ongoing discussion and analysis.  It is verifiable that a segment of Democratic voters supported Bernie Sanders in the primaries.  Whether this contributed significantly to Clinton's loss is a matter of political analysis and interpretation.  For further information on the 2016 election, consult reports from reputable news organizations and academic research."
2607,0,0.9997344412531678,kathi griffin hillari clinton loser not victim st centuri wire say left need start take respons action kathi griffin alleg comedian receiv immens backlash stunt pull earlier week griffin appar thought would great idea pose blood soak effigi presid donal trump decapit head make incendiari may say thr...,"Kathy Griffin faced criticism after posing with a prop resembling a severed and bloodied head of Donald Trump in 2017.  The incident resulted in significant backlash and the loss of employment opportunities for Griffin.  

Hillary Clinton, following her 2016 presidential election loss, cited several factors including Russian interference, the spread of misinformation, and misogyny.  While the extent of Russian interference is still being investigated (see reports from the Mueller investigation and Senate Intelligence Committee), the spread of fake news and the role of misogyny in the election remain topics of debate among political analysts and academics.  Clinton's primary opponent, Bernie Sanders, garnered significant support during the Democratic primaries.  Voter preference for Sanders over Clinton or a general anti-Trump sentiment as contributing factors to Clinton's loss are subject to interpretation and further analysis of election data.  It is unclear what the ""St. Century Wire"" referenced in the original article is, and its reliability is unknown."
6506,0,0.9997337013846659,obama teas stephen curri clown proof coolest ever video one awesom thing get win championship visit white hous meet presid unit state long stand honor covet outstand athlet go keep thing total real presid obama white hous visit much honor outright fun golden state warrior nba championship past year ...,"In February [Year - needs verification], the Golden State Warriors visited the White House to celebrate their NBA championship win.  President Obama congratulated the team, acknowledging their talent and role as role models.  He also highlighted the Warriors' participation in his My Brother's Keeper mentorship program, with some players meeting with students involved in the initiative. [Confirmation of specific players' involvement needed - suggest checking official White House archives and reputable news sources from that time].

During the event, President Obama jokingly referenced Stephen Curry's performance in a recent game against the Washington Wizards. [Details of the joke and Curry's performance require verification - suggest reviewing game footage and contemporary news reports].  Video footage of the event shows the team reacting with laughter. [Source of video footage needs to be identified and its authenticity confirmed]."
1574,0,0.9997317333084392,robert reich perfectli break trump step plan turn lie truth video new video robert reich break step plan donald trump use turn lie truth break cycl mani us inclin think bumbl buffoon reich note wall street journal refus call trump lie lie reason purpos realli count lie intent idiot know talk trump a...,"Former Labor Secretary Robert Reich released a video analyzing Donald Trump's communication strategies.  Reich argues that Trump uses a specific approach to gain acceptance for claims, even if initially perceived as false.  He points to examples like the ""birther"" conspiracy theory, suggesting Trump repeats claims until they gain traction.  Reich criticizes media outlets for, in his view, insufficiently labeling some of Trump's statements as false, arguing they should more directly address what he sees as misinformation.  He urges viewers to be aware of this pattern and consult reliable fact-checking sources.  It is unclear whether Reich specifically references a *Wall Street Journal* article declining to use the word ""lie"" in relation to Trump, and further research into Reich's claims and the *Wall Street Journal*'s reporting practices is recommended.  For fact-checking, consult reputable organizations like PolitiFact and FactCheck.org."
8267,0,0.9997284829922852,christian fundamentalist hole leav waiter dirti trick tip imag garret wayman year old waiter wichita kansa tweet photo dollar tip receiv work quickli went viral reason dollar bill left underneath ketchup bottl turn note left fundamentalist christian disguis dollar bill someon serious left tip today ...,"A Wichita, Kansas, waiter, Garret Wayman, tweeted a photo in December of what appeared to be a one-dollar tip left under a ketchup bottle.  Upon closer inspection, the ""bill"" turned out to be a religious tract.  Wayman expressed his frustration on Twitter.  It is unclear who left the tract.  While the original tweet suggested it was left by a ""fundamentalist Christian,"" there is no confirmed source for this claim.  Wayman stated that he works long hours while juggling school and debt, and relies on tips to make ends meet. He was initially excited to see what he thought was cash, as tips are a significant portion of restaurant servers' income.  The incident highlights the financial challenges faced by service industry workers who depend heavily on tips."
7121,0,0.9997247528176714,gonna leav mark anti trump punk attack ca polic get big surpris cop hit back video polic offic final get sick tire walk around eggshel disrespect abus obama soro ck polic crowd good see law enforc offic actual paid without coddl berni hillari basement dweller watch protest outsid trump ralli start a...,"A protest occurred outside a Donald Trump rally in San Diego, California, in May 2016.  Video footage appears to show clashes between protesters and police, including instances where police used pepper spray.  One video appears to show a protester hitting a police officer, and another shows police using force.  It is unclear from available information who initiated the violence or the extent of injuries, if any.  

News reports at the time indicated large crowds both supporting and protesting Trump's appearance.  Some social media posts suggested that a San Diego councilman encouraged anti-Trump protests, but this requires further verification.  For more information and varying perspectives, consult reputable news archives and fact-checking websites covering the event.  It is important to review multiple sources to gain a comprehensive understanding of the events."
6194,0,0.9997146309496314,wow anti trump protest realli know protest video wow talk clueless austen fletcher approach anti trump protest get clueless answer trump thought might enjoy prisonplanet allidoisowen jackposobiec pic twitter com kdym wlfdb austen fletcher flecca juli one individu spiderman mask crouch floor begin ra...,"A video circulating on social media, shared by accounts like @PrisonPlanet, @allidoisowen, and @JackPosobiec, shows Austen Fletcher (@fleccas) interviewing a person wearing a Spider-Man mask at what appears to be an anti-Trump protest.  The masked individual's statements are somewhat rambling and difficult to understand fully. They appear to express opposition to Trump and racism, mentioning the concept of America as a ""melting pot.""  Fletcher also interviews another individual at the protest who acknowledges the diversity of Trump supporters.

It is unclear from the provided information where and when the protest took place, or the specific context of the interviews.  To verify the claims and context presented in the video, one could consult news outlets that cover protests and political events, or attempt to contact Austen Fletcher directly for more information.  It is important to note that the original post presents a biased perspective and uses inflammatory language.  Further investigation is needed to determine the full context and accuracy of the events depicted."
7139,0,0.9997075196479642,neil degrass tyson school right wing columnist hard quit job shame right wing radio host call quit got own famou scientist neil degrass tyson last week neal larson learn hard way humili consequ spread satir fact famou scientist fact check oblivion listen neil degrass tyson larson wrote twin fall tim...,"A columnist, Neal Larson, recently resigned from the Twin Falls Times-News after publishing a column criticizing astrophysicist Neil deGrasse Tyson.  Larson's column accused Tyson of mocking a young girl's aspirations to live on Jupiter.  However, this accusation appears to be based on a fabricated story.  No evidence supporting the incident exists, and it has been widely debunked online.  

Following Tyson's public response highlighting the lack of evidence, Larson published a final column acknowledging his error and resigning from his position.  He attributed his mistake to not verifying the information's source.  The degree to which Larson portrayed himself as a victim following the incident is disputed.  It is unclear whether Larson intends to pursue legal action.  Reliable sources for further information include the Twin Falls Times-News and Neil deGrasse Tyson's public social media accounts."
1953,0,0.9997031309182032,time magazin cover perfectli illustr happen trump go hate no doubt trump campaign full meltdown mode nuclear power plant chernobyl number four reactor earli stage spectacularli horrif failur panick republican openli call rnc pull trump fund send ticket race trump despit narcissist jagoff start beg h...,"Donald Trump's campaign faced significant challenges in August 2016.  National polls showed him trailing Hillary Clinton by a substantial margin, ranging from six to fifteen points, depending on the poll.  His standing was also precarious in several key swing states.  Furthermore, states traditionally considered reliably Republican, such as Utah and Georgia, appeared to be in play.

While Mr. Trump continued to draw large crowds at rallies, his campaign was marked by controversy.  He was criticized for remarks perceived as veiled threats against Hillary Clinton, for claiming President Obama founded ISIS (a claim he later reiterated), and for engaging in public disputes with a Gold Star family, Paul Ryan, John McCain, and Kelly Ayotte.

The referenced *Time* magazine cover, while not described accurately in the original article, likely depicts Mr. Trump in a negative light, a common theme for the publication during the 2016 election cycle.  To verify the specific cover and its date, consult Time magazine's online archives.

The original article's claims about Mr. Trump's internal reactions and ""meltdown"" are speculative and cannot be verified.  For more in-depth and reliable reporting on the state of the Trump campaign during this period, consult reputable news sources such as the *New York Times*, the *Washington Post*, and the *Wall Street Journal*."
5496,0,0.9997029925936193,ex gop congressman tweet vile threat obama respons dalla shoot nobodi accus former gop rep joe walsh clear view anyth never appar last night walsh put respons news least two sniper murder dalla polic offic seri tweet hate presid obama get blame obama someon death stop though no mere misplac blame lo...,"Former U.S. Representative Joe Walsh posted a series of tweets following the July 7, 2016 Dallas police shootings that were critical of President Barack Obama, Black Lives Matter, and the LGBT community.  Some interpreted these tweets as inflammatory and potentially inciting violence.  Walsh later deleted some of the tweets and denied advocating violence.  It is unclear whether any law enforcement agencies investigated Walsh in connection with these tweets.  For more information and Walsh's specific wording, consult reputable news archives and social media records from July 2016."
2117,0,0.999701714884586,two trump tweet debunk russian connect conspiraci st centuri wire say partisan liber hypocrisi strike yesterday trump debunk russian connect conspiraci expos two photograph via twitter show two key democrat conspiraci theorist nanci pelosi chuck schumer meet russia dmitri medvedev vladimir putin res...,"Former President Donald Trump tweeted two photos alleging to show Democratic leaders Nancy Pelosi and Chuck Schumer meeting with Russian officials Dmitry Medvedev and Vladimir Putin.  The photos, shared by Trump and cited by the website ""Centuri Wire,"" are presented as evidence against the idea of Russian collusion with the Trump campaign.  

It's important to verify the context of these photos.  Reverse image searches and fact-checking websites like Snopes and PolitiFact could help determine when and where the photos were taken and who is actually depicted.  Without further verification, it's impossible to confirm the claims made by Trump and Centuri Wire.  The nature of the meetings, if they occurred, and the extent to which they demonstrate hypocrisy or debunk prior allegations of Russian connections remain unclear.  A video report by Stuart Hooper is referenced, but without a link or further information, its claims cannot be evaluated."
7552,0,0.99969976446076,tennesse gop rep answer orlando exactli wrong gop tennesse state rep andi holt done terror solut like ammosexu republican gun suddenli make muslim men less angri us someth prove holt put money mouth raffl two ar terror fair holt plan giveaway massacr last sunday morn time sunday massacr propel go cr...,"Tennessee State Representative Andy Holt held a raffle for two AR-15 rifles following the Orlando nightclub shooting.  He stated his belief that the raffle would deter potential attackers, suggesting that armed citizens could prevent or mitigate such incidents.  Holt's plan to hold the raffle on the Sunday after the shooting sparked controversy and was subsequently postponed.  

While Holt has argued that widespread gun ownership is a deterrent to terrorism, there is no evidence to support this claim.  Research on the relationship between gun ownership and gun violence is complex and yields mixed results.  Reliable sources for further information include the Pew Research Center and the Centers for Disease Control and Prevention (CDC).  It is also important to note that the shooter in the Orlando attack legally purchased the firearms used.  The efficacy of current laws regarding firearm sales to individuals on terrorist watch lists is a subject of ongoing debate."
3058,0,0.9996975511628741,donald trump presid obama founder isi honor terrorist video republican parti leader thought donald trump would becom presidenti clinch nomin boy wrong one first thing offici crown parti standard bearer republican nation convent get despic spat famili fallen muslim american soldier father speech demo...,"During the 2016 presidential campaign, Donald Trump repeatedly and falsely claimed that President Barack Obama founded ISIS.  He also falsely asserted that Obama was honored by ISIS.  There is no evidence to support these claims.  Fact-checking websites such as PolitiFact and Snopes debunked these statements.

Trump also suggested, without evidence, that ""Second Amendment people"" could stop Hillary Clinton, then the Democratic presidential nominee.  He frequently called Clinton a ""crook.""

Trump's campaign rhetoric often included personal attacks and inflammatory language.  He frequently used Obama's middle name, Hussein, and made unsubstantiated claims about Obama's birthplace and religion.  He also made controversial statements about the 2016 Orlando nightclub shooting and other events.

For more information on Trump's 2016 campaign rhetoric, consult reputable news archives such as The New York Times, The Washington Post, and fact-checking organizations."
2139,0,0.999696127809997,watch hispan parent make shock video teach yr old say kill donald trump video expos underbelli illeg alien commun hate anyon would enforc rule law america base convers irrespons parent year old child video parent appear concern deport trump becom next presid hard distinguish differ islam radic paren...,"A video circulating online appears to show a young Hispanic child using expletives and speaking negatively about Donald Trump. The video's context, date of creation, and the relationship between the adult and child are unclear.  It is unknown whether the child's statements were prompted or coached by the adult.  Further investigation is needed to verify the video's authenticity and the circumstances surrounding its creation.  Claims that the adults in the video are undocumented immigrants and that the video represents widespread sentiment within any community cannot be substantiated without further evidence.  Reliable sources such as fact-checking websites and news organizations specializing in immigration reporting should be consulted for further information.  Child protective services should be contacted if there is credible concern of child abuse or neglect.  Using children in politically charged videos raises ethical questions about the child's well-being and agency."
5622,0,0.9996931920797918,chill viral video show us trump want make america great listen donald trump speak keep talk good old day want make america great howev exactli good old day speak case notic america alreadi pretti damn great trump would see hear protest ralli encourag violenc say brought stretcher punch face offer pa...,"A video juxtaposing audio of Donald Trump's campaign speeches with footage of Civil Rights era protests has gone viral.  The video, shared by Mother Jones (link unavailable, archived versions may exist), aims to highlight the contrast between Trump's rhetoric of ""making America great again"" and the injustices faced by protesters during the Jim Crow era.  While the video's creators intend to draw a parallel, whether Trump's vision of a ""great"" America aligns with the racially discriminatory practices of that era is a matter of interpretation and ongoing political debate.  For more information on Trump's political positions, consult his campaign website and reputable news sources.  For information on the Civil Rights era, consult academic sources and historical archives."
8396,0,0.999690479189879,trevor noah came perfect job donald trump not presid video monday night daili show host trevor noah wrestl problem face american elect cycl want presid drink buddi someon get job done someon relat ok noah solv noah sensibl hilari conclus america must elect presid mascot think much time embarrass can...,"Trevor Noah, on Monday night's episode of *The Daily Show*, satirically proposed that the U.S. create a separate role of ""Presidential Mascot"" alongside the President.  He suggested that this mascot could fulfill the public's desire for a relatable and entertaining figurehead, while a separate individual focuses on policy and governance.  Noah used this comedic premise to critique the current political climate and the perceived focus on personality over policy. He jokingly suggested Donald Trump for the mascot role.  It is important to note that this segment was satire and not meant to be taken as a serious policy proposal.  For factual information on U.S. presidential elections and candidates, consult reputable news sources like the Associated Press, Reuters, and The New York Times."
6609,0,0.9996892932399871,oop antifa terrorist threaten acid attack trump support caught violat probat today video antifa member paul luke kuhn bust project verita undercov journalist plot butyr acid attack disrupt trump inaugur parti subsequ arrest spot today dc protest today violat probat order follow arrest rebel media ja...,"A man identified as Paul Luke Kuhn was arrested in Washington D.C. for allegedly violating probation.  Some sources, including Project Veritas and Rebel News commentator Jack Posobiec, allege Kuhn was involved in a plot to carry out a butyric acid attack to disrupt the Trump inauguration.  However, law enforcement has not confirmed these allegations, and details of the probation violation are not publicly available.  

Posobiec also reported being assaulted at a D.C. protest, allegedly by Antifa supporters.  Video footage of the incident is circulating online, but the full context and identities of those involved remain unclear.  Some Twitter users claim a woman falsely reported to police that nothing happened.  Confirmation of these claims from official sources is needed.  

To verify information regarding Kuhn's arrest and the alleged assault, consult official police statements and reputable news outlets.  Avoid relying solely on partisan sources."
1044,0,0.9996872519209302,obama someth say racist vote black presid obama near end time offic take stock everyth happen sinc first elect includ special messag peopl refus vote base sole color skin back illinoi celebr ninth anniversari entri nation polit obama sat fascin interview christi parson along sever obama former polit...,"During an interview marking the ninth anniversary of his entry into national politics, former President Barack Obama discussed the challenges of his presidency, including racism.  He reflected on those who may have refused to vote for him based on his race, and the political obstacles he faced, citing Senator Mitch McConnell's stated goal of making him a one-term president.  Obama expressed optimism about America's progress on race relations while acknowledging the persistence of racism. He suggested that while some voters may have been motivated by his race, both for and against him, his reelection demonstrated progress.  He pointed to his victory over Mitt Romney as further evidence.

For more detailed and accurate information regarding President Obama's views on race and the political challenges he faced, consult reputable sources such as:

* The full transcript or recording of the interview with Christi Parsons.
*  Obama's autobiographies, ""Dreams from My Father"" and ""A Promised Land.""
*  Reputable news archives and fact-checking websites.


It's important to note that the original article presented a distorted and fragmented account of Obama's comments.  This rewritten version aims to provide a more accurate and neutral summary based on the limited information available.  However, without access to the original interview, the full context and nuances of Obama's remarks remain unclear."
2619,0,0.9996846042057271,trump support admit racist black report confront video know reason donald trump popular among republican base racist rhetor trump hate appeal vile voter gop pander everi singl time say someth bombast poll number go howev ask one trump support racist assur not time steve bowman omaha differ kind trum...,"An Omaha man, Steve Bowman, displayed a sign reading ""N----r Obama"" in his window.  When questioned by a local African American resident, John Chapman, about the sign's racist nature, Bowman responded by referencing his upbringing during the Civil Rights era and his knowledge of history, acknowledging he ""might be a little racist,"" then amending that to ""a lot racist.""  A neighbor, Regina Wright, confirmed to WOWT News that Bowman frequently displays racially charged signs.  The news report connected this incident to discussions about the nature of support for Donald Trump, but whether Bowman is a Trump supporter remains unconfirmed in the provided text.  To verify Bowman's political affiliations and the full context of the WOWT report, consulting the original news segment and other reputable local news sources would be necessary.  It is also important to note that this incident does not represent the views of all Trump supporters and connecting the two requires further evidence."
8964,0,0.9996741103474677,hillari epic bomb press confer weekend attack say wrong thing video hillari clinton known world wide say ridicul thing press confer concern attack weekend ridicul date american truli decid actual listen thing said see run form ammo trump thought thing said make think twice need better visa system le...,"Hillary Clinton held a press conference over the weekend addressing the recent attack [specify attack if information is available, otherwise remove ""recent""].  Some critics characterized her remarks as contradictory to her past positions.  For example, she [cite specific quote and source] regarding [topic of quote, e.g., immigration, national security, etc.].  This statement has been compared to her previous stance on [cite specific past stance and source].  She also addressed [mention other key topics discussed, citing sources where possible].  Fact-checkers are reviewing her statements for accuracy [link to fact-checking websites if available].  For full coverage of the press conference, refer to transcripts and video recordings [link to reputable news sources with transcripts/videos if available]."
4547,0,0.9996739598382788,snl usual make us laugh tonight made us cri hope futur video saturday night live known laugh give us sure gave us plenti came elect week much laugh sure snl would approach current state affair tonight much could hope instead make us laugh made us cri make us sob made us hope futur tonight cold open ...,"Saturday Night Live (SNL), known for its comedic sketches, opened its November 12, 2016 episode with a somber performance by Kate McKinnon.  Dressed as Hillary Clinton in a white pantsuit, McKinnon played Leonard Cohen's ""Hallelujah"" on a grand piano.  The performance resonated with many viewers given the recent presidential election results.  While some media outlets described widespread emotional reactions of crying and sobbing, verifying the extent of such reactions is difficult.  The sketch concluded with McKinnon, still in character, addressing the audience directly, encouraging them to persevere and ""never give up"" despite the difficult political climate.  To view the cold open, consult official SNL sources such as NBC.com or Hulu."
5852,0,0.9996735205004643,wow former liber black panther expos phoni black lie matter video ginni thoma one hard work patriot women america contributor daili caller interview number interest mani time controversi guest interview former black panther clarenc mason weaver one power thought provok interview date want watch ever...,"A Daily Caller article reports on an interview with Clarence Mason Weaver, a former Black Panther who now identifies as a conservative.  The article highlights Weaver's criticism of Black Lives Matter and former President Obama.  It claims Weaver ""broke with his white girlfriend"" due to her having a ""white dog,"" a claim that requires further verification.  The article also states Weaver served in Vietnam and worked as a pipe fitter and attributes a life-changing experience to a racist attack, though details are vague and sourcing is lacking.  To determine the accuracy of these claims, further research would be needed, consulting sources such as military records, Weaver's personal accounts, and potentially other news outlets that have interviewed him.  The Daily Caller's characterization of Weaver's views, particularly regarding race relations, should be corroborated with the full interview."
296,0,0.9996726003284621,fox news ask man pictur new york solidar march respons priceless today hundr march show solidar charlottesvil virginia anti racist protest mow white nationalist usual march peopl take pictur post social media inevit find ask permiss use photo news stori one man keegan stephan tweet seri great pictur...,"A man named Keegan Stephan photographed a solidarity march in New York City.  Fox News contacted him via direct message seeking permission to use one of his photos. Stephan publicly posted a screenshot appearing to show his response declining permission, citing his opposition to Fox News' perceived support of racist and nationalist ideals.  He referenced commentators such as Jeanine Pirro, Sean Hannity, and Tucker Carlson, as well as then-President Trump.  He included screenshots of tweets from Al Jazeera English and what appears to be Donald Trump's Twitter account (now X), which discussed terrorism.  It is unclear whether Fox News ultimately used Stephan's photo.  The tweet featuring the alleged exchange between Stephan and Fox News can be found via a search for ""@KeeganNYC"" on X (formerly Twitter), but the veracity of the direct messages cannot be independently confirmed.  It is also unclear if Stephan holds a position with the American Bar Association.  Fox News has not publicly commented on the matter.  For more information on the march itself, news archives and potentially Getty Images could be consulted."
1282,0,0.9996696499799452,watch fox news host defend cnn report tell trump go ck even fox news call donald trump attack media press confer go embarrass confus ever given nation histori fox news host shep smith blast trump attack press specif cnn report jim acosta trump often prais fox news bash major news outlet attack media...,"During a February 16, 2017 press conference, then-President Trump engaged in a contentious exchange with CNN reporter Jim Acosta.  Trump repeatedly dismissed CNN's reporting as ""fake news"" and referred to a CNN story about Russia as a ""leak,"" asserting its veracity.  Acosta pressed Trump on his claims, leading to a heated back-and-forth.  Trump also criticized other media outlets.

Fox News host Shep Smith subsequently criticized Trump's handling of the press conference. Smith defended the media's role and questioned the veracity of Trump's statements.  He specifically defended Acosta's line of questioning regarding Russia.

For more detailed and accurate information regarding this press conference, consult transcripts and recordings available from reputable news organizations such as C-SPAN, The New York Times, and The Washington Post.  These sources can provide a more complete and nuanced understanding of the event."
3406,0,0.9996679917885267,hill ariou video hillari take break seizur cough fit nap day slam trump alt right video brilliantli dispel everi one hillari fals claim throw right back face absolut brilliant,"A video circulating online purportedly shows Hillary Clinton experiencing a seizure, coughing fit, or taking a nap.  The video's content and context are unclear, and its authenticity has not been verified.  Claims that the video ""brilliantly dispels"" unspecified claims about Clinton's health or that it relates to Donald Trump or the alt-right lack substantiation.  To determine the video's accuracy, consult reputable fact-checking organizations and news outlets.  Without further verification, conclusions about the video's content and its implications are speculative."
8316,0,0.9996679917885267,hill ariou video hillari take break seizur cough fit nap day slam trump alt right video brilliantli dispel everi one hillari fals claim throw right back face absolut brilliant,"A video circulating online appears to show Hillary Clinton interrupting a speech, possibly due to a coughing fit.  Some social media users claim the video depicts a seizure, while others allege it shows a ""nap attack.""  These claims are unsubstantiated.  The exact cause of the interruption is unclear.  To determine the context and veracity of these claims, consult reputable fact-checking organizations and news outlets that provide source material for their reporting.  The video's connection to Donald Trump or the alt-right, as suggested in the original text, is also unsubstantiated."
5390,0,0.9996586775085079,gotcha cnn panelist call lie terror attack us video http www youtub com watch ism,"The provided information is incomplete and lacks context. It alludes to a CNN panel discussion about a video related to a potential terrorist attack in the US.  Without more information, the nature of the video, the panelists' comments, and the alleged ""lie"" are impossible to verify.  

To determine the truthfulness of this claim, more context is needed, including:

* **Date and time of the CNN broadcast:** This will help locate the specific program.
* **Names of the panelists involved:**  Knowing who spoke allows for researching their statements.
* **Specific details about the video:** What was the video's content? Where did it originate?
* **The specific claim of a ""lie"":** What statement is being considered false? Who made the statement?

Reliable sources for verifying this information would include transcripts from the CNN program, reputable news organizations that covered the panel discussion, and fact-checking websites.  Until more information is provided, the accuracy of the original claim cannot be assessed."
